id;firstName;createdOn
1;Timothy;7/11
2;Betty;7/13
3;Jesse;7/3
4;Gary;7/3
5;Patrick;7/8
6;Robin;7/4
7;Kelly;7/13
8;Annie;7/3
9;Amanda;7/2
10;Anthony;7/4
11;Matthew;7/13Q
12;Donald;7/3
13;Melissa;7/9
14;Dorothy;7/8
15;Harold;7/5
16;Judy;7/7
17;John;7/7
18;Jose;7/10
19;Terry;7/5
20;Janice;7/13
21;Joan;7/8
22;Anna;7/3
23;Gary;7/13
24;Martin;7/10
25;Jason;7/4
26;Timothy;7/7
27;Eric;7/3
28;Kathryn;7/6
29;Roger;7/3
30;Peter;7/7
31;Adam;7/4
32;Marie;7/1
33;Shirley;7/3
34;Mary;7/8
35;Philip;7/14
36;Bruce;7/12
37;Christine;7/6
38;Sandra;7/3
39;Amy;7/5
40;Daniel;7/1
41;Frank;7/3
42;Daniel;7/4
43;Joshua;7/1
44;Pamela;7/9
45;Theresa;7/1
46;Sandra;7/3
47;Donald;7/11
48;Antonio;7/1
49;Jesse;7/9
50;Johnny;7/4
51;William;7/7
52;Theresa;7/11
53;Daniel;7/2
54;Charles;7/2
55;Gregory;7/1
56;Lori;7/1
57;Mary;7/13
58;Russell;7/14
59;Alice;7/8
60;Terry;7/7
61;Andrew;7/12
62;Angela;7/6
63;Keith;7/4
64;Mark;7/1
65;Carol;7/12
66;Bruce;7/5
67;Phillip;7/9
68;Heather;7/7
69;Ann;7/14
70;Terry;7/11
71;Mildred;7/4
72;Matthew;7/1
73;Kathy;7/5
74;Christina;7/8
75;Elizabeth;7/7
76;Julie;7/5
77;Kevin;7/9
78;Phyllis;7/5
79;Helen;7/2
80;Ashley;7/13
81;Daniel;7/1
82;Margaret;7/1
83;Jose;7/5
84;Ralph;7/11
85;Kelly;7/5
86;Mildred;7/8
87;Benjamin;7/3
88;Howard;7/13
89;Patricia;7/6
90;Jean;7/11
91;Edward;7/1
92;Mildred;7/12
93;Anne;7/12
94;Jerry;7/8
95;Julie;7/8
96;Martha;7/2
97;Alice;7/9
98;Ashley;7/14
99;Angela;7/6
100;Kenneth;7/14
101;Rachel;7/10
102;Joseph;7/12
103;Russell;7/4
104;Marilyn;7/5
105;Martha;7/3
106;Jean;7/6
107;Randy;7/3
108;Janet;7/9
109;Rose;7/11
110;Melissa;7/4
111;Martin;7/12
112;Brenda;7/14
113;Jacqueline;7/14
114;Chris;7/1
115;Gary;7/4
116;George;7/11
117;Wanda;7/7
118;Doris;7/12
119;Phillip;7/1
120;Shawn;7/14
121;Paul;7/5
122;Susan;7/13
123;Martha;7/12
124;Wanda;7/9
125;Craig;7/7
126;Todd;7/10
127;David;7/13
128;Kimberly;7/1
129;Edward;7/8
130;Adam;7/12
131;Charles;7/2
132;Walter;7/5
133;Stephanie;7/6
134;Carolyn;7/14
135;Jerry;7/4
136;Chris;7/2
137;Jimmy;7/12
138;Jose;7/7
139;Samuel;7/5
140;John;7/14
141;Douglas;7/8
142;Keith;7/2
143;Doris;7/11
144;Ruth;7/10
145;Wayne;7/7
146;Cynthia;7/10
147;Helen;7/11
148;Andrea;7/6
149;Kevin;7/4
150;Angela;7/12
151;Larry;7/3
152;Lillian;7/11
153;Johnny;7/14
154;Pamela;7/12
155;Phillip;7/6
156;Sarah;7/3
157;Fred;7/4
158;Judy;7/9
159;Billy;7/3
160;Judy;7/5
161;Bobby;7/11
162;Emily;7/8
163;Rachel;7/4
164;George;7/11
165;Antonio;7/5
166;Julie;7/8
167;Ronald;7/14
168;Lawrence;7/5
169;Joe;7/13
170;Jesse;7/9
171;Russell;7/12
172;Katherine;7/7
173;Louis;7/5
174;Charles;7/7
175;Janet;7/6
176;Christine;7/10
177;Sharon;7/6
178;Dennis;7/10
179;Emily;7/12
180;Elizabeth;7/1
181;Jennifer;7/7
182;Brian;7/3
183;Harold;7/6
184;Earl;7/12
185;Cynthia;7/13
186;Ernest;7/5
187;Sandra;7/3
188;Dorothy;7/7
189;Arthur;7/5
190;Samuel;7/13
191;Sharon;7/7
192;Ann;7/8
193;Samuel;7/10
194;Kenneth;7/9
195;Andrew;7/4
196;Pamela;7/9
197;Sara;7/9
198;Brenda;7/13
199;Roger;7/10
200;Brian;7/3